sample id,barcode,linkerPrimerSequence,Plate,wellPosition,sequenceName,category,description
006W4,GAATACCAAGTC,CCGGACTACHVGGGTWTCTAAT,Plate1,B04,806rcbc15,smoker,mouth
011W4,TGGGTCCCACAT,CCGGACTACHVGGGTWTCTAAT,Plate2,G04,806rcbc171,smoker,mouth
014W4,TATGCCAGAGAT,CCGGACTACHVGGGTWTCTAAT,Plate3,C04,806rcbc219,smoker,mouth
015W4,ATCTAGTGGCAA,CCGGACTACHVGGGTWTCTAAT,Plate3,D04,806rcbc231,smoker,mouth
016W4,TCGACATCTCTT,CCGGACTACHVGGGTWTCTAAT,Plate1,D04,806rcbc39,smoker,mouth
017W4,GTAAATTCAGGC,CCGGACTACHVGGGTWTCTAAT,Plate2,F04,806rcbc159,smoker,mouth
018W4,ACTCTTACTTAG,CCGGACTACHVGGGTWTCTAAT,Plate3,H12,806rcbc287,smoker,mouth
103W4,GGACTTCCAGCT,CCGGACTACHVGGGTWTCTAAT,Plate1,H04,806rcbc87,non_smoker,mouth
104W4,GCCTAGCCCAAT,CCGGACTACHVGGGTWTCTAAT,Plate2,A04,806rcbc99,non_smoker,mouth
105W4,AGCTGTCAAGCT,CCGGACTACHVGGGTWTCTAAT,Plate2,B04,806rcbc111,non_smoker,mouth
106W4,ATGTGTGTAGAC,CCGGACTACHVGGGTWTCTAAT,Plate2,C04,806rcbc123,non_smoker,mouth
107W4,AGCAACATTGCA,CCGGACTACHVGGGTWTCTAAT,Plate2,D04,806rcbc135,non_smoker,mouth
108W4,ACAACACTCCGA,CCGGACTACHVGGGTWTCTAAT,Plate2,E04,806rcbc147,non_smoker,mouth
109W4,ACAATAGACACC,CCGGACTACHVGGGTWTCTAAT,Plate1,E12,806rcbc59,non_smoker,mouth